{
  "welcomeFile": "/webapp/index.html",
  "routes": [
    {
      "path": "/resources",
      "target": {
        "type": "service",
        "name": "sapui5",
        "entryPath": "/resources"
      },
      "description": "SAPUI5 Resources"
    },
    {
      "path": "/test-resources",
      "target": {
        "type": "service",
        "name": "sapui5",
        "entryPath": "/test-resources"
      },
      "description": "SAPUI5 Resources"
    },
    {
      "path": "/webapp/resources",
      "target": {
        "type": "service",
        "name": "sapui5",
        "entryPath": "/resources"
      },
      "description": "SAPUI5 Resources"
    },
   
    {
      "path": "/webapp/test-resources",
      "target": {
        "type": "service",
        "name": "sapui5",
        "entryPath": "/test-resources"
      },
      "description": "SAPUI5 Test Resources"
    },
      {
      "path": "/sap/opu/odata",
      "target": {
        "type": "destination",
        "name": "FIORI_DEV3-FEF",
        "entryPath": "/sap/opu/odata"
      },
      "description": "Nutrien Azure Fiori Development 3 - Client 100  - FEF"
    }, 
    
     {
      "path": "/sap/bc/ui5_ui5",
      "target": {
        "type": "destination",
        "name": "FIORI_DEV3-FEF",
        "entryPath": "/sap/bc/ui5_ui5"
      },
      "description": "Nutrien Azure Fiori Development 3 - Client 100  - FEF"
    }

    
  ],
  "sendWelcomeFileRedirect": true
}