<?xml version="1.0" encoding="UTF-8"?>

<edmx:Edmx xmlns:sap="http://www.sap.com/Protocols/SAPData" xmlns:m="http://schemas.microsoft.com/ado/2007/08/dataservices/metadata" xmlns:edmx="http://schemas.microsoft.com/ado/2007/06/edmx" Version="1.0">


<edmx:Reference xmlns:edmx="http://docs.oasis-open.org/odata/ns/edmx" Uri="http://cldazfapp05.global.corp:8021/sap/opu/odata/IWFND/CATALOGSERVICE;v=2/Vocabularies(TechnicalName='%2FIWBEP%2FVOC_COMMON',Version='0001',SAP__Origin='S4HCLNT300')/$value">

<edmx:Include Alias="Common" Namespace="com.sap.vocabularies.Common.v1"/>

</edmx:Reference>


<edmx:Reference xmlns:edmx="http://docs.oasis-open.org/odata/ns/edmx" Uri="http://cldazfapp05.global.corp:8021/sap/opu/odata/IWFND/CATALOGSERVICE;v=2/Vocabularies(TechnicalName='%2FIWBEP%2FVOC_CAPABILITIES',Version='0001',SAP__Origin='S4HCLNT300')/$value">

<edmx:Include Alias="Capabilities" Namespace="Org.OData.Capabilities.V1"/>

</edmx:Reference>


<edmx:Reference xmlns:edmx="http://docs.oasis-open.org/odata/ns/edmx" Uri="http://cldazfapp05.global.corp:8021/sap/opu/odata/IWFND/CATALOGSERVICE;v=2/Vocabularies(TechnicalName='%2FIWBEP%2FVOC_COMMUNICATION',Version='0001',SAP__Origin='S4HCLNT300')/$value">

<edmx:Include Alias="Communication" Namespace="com.sap.vocabularies.Communication.v1"/>

</edmx:Reference>


<edmx:Reference xmlns:edmx="http://docs.oasis-open.org/odata/ns/edmx" Uri="http://cldazfapp05.global.corp:8021/sap/opu/odata/IWFND/CATALOGSERVICE;v=2/Vocabularies(TechnicalName='%2FIWBEP%2FVOC_AGGREGATION',Version='0001',SAP__Origin='S4HCLNT300')/$value"/>


<edmx:Reference xmlns:edmx="http://docs.oasis-open.org/odata/ns/edmx" Uri="http://cldazfapp05.global.corp:8021/sap/opu/odata/IWFND/CATALOGSERVICE;v=2/Vocabularies(TechnicalName='%2FIWBEP%2FVOC_PERSONALDATA',Version='0001',SAP__Origin='S4HCLNT300')/$value">

<edmx:Include Alias="PersonalData" Namespace="com.sap.vocabularies.PersonalData.v1"/>

</edmx:Reference>


<edmx:DataServices m:DataServiceVersion="2.0">


<Schema xml:lang="en" Namespace="ZS2D_E2596_LPI_PICK_SHIP_SRV" xmlns="http://schemas.microsoft.com/ado/2008/09/edm" sap:schema-version="1">


<EntityType sap:content-version="1" Name="UserDefault">


<Key>

<PropertyRef Name="UserId"/>

</Key>

<Property Name="UserId" sap:filterable="false" sap:sortable="false" sap:updatable="false" sap:creatable="false" sap:label="Branching name" sap:unicode="false" MaxLength="12" Nullable="false" Type="Edm.String"/>

<Property Name="ShipPoint" sap:filterable="false" sap:sortable="false" sap:updatable="false" sap:creatable="false" sap:label="Parameter value" sap:unicode="false" MaxLength="40" Nullable="false" Type="Edm.String"/>

<Property Name="DeliveryDate" sap:filterable="false" sap:sortable="false" sap:updatable="false" sap:creatable="false" sap:label="Delivery date" sap:unicode="false" MaxLength="10" Nullable="false" Type="Edm.String"/>

<Property Name="DefaultPrinter" sap:filterable="false" sap:sortable="false" sap:updatable="false" sap:creatable="false" sap:unicode="false" Nullable="false" Type="Edm.String"/>

</EntityType>


<EntityType sap:content-version="1" Name="ZS2D_C_LPI_MISC_VHType" sap:label="Misc. Orders LPI">


<Key>

<PropertyRef Name="DocumentNumber"/>

</Key>

<Property Name="DocumentNumber" sap:label="Delivery" MaxLength="10" Nullable="false" Type="Edm.String" sap:display-format="UpperCase"/>

<Property Name="ShipToPartyNumber" sap:label="Ship-to party" MaxLength="10" Type="Edm.String" sap:display-format="UpperCase"/>

<Property Name="CustomerName" sap:label="Name" MaxLength="35" Type="Edm.String" sap:quickinfo="Name 1"/>

<Property Name="ShippingPoint" sap:label="Shipping Point" MaxLength="4" Type="Edm.String" sap:display-format="UpperCase" sap:quickinfo="Shipping Point / Receiving Point"/>

<Property Name="DeliveryDate" sap:label="Delivery Date" Type="Edm.DateTime" sap:display-format="Date" Precision="0"/>

<Property Name="OrderType" MaxLength="3" Type="Edm.String"/>

</EntityType>


<EntityType sap:content-version="1" Name="ZS2D_C_SHIP_POINT_VHType" sap:label="LPI-Shipping Point VH">


<Key>

<PropertyRef Name="UserId"/>

</Key>

<Property Name="UserId" sap:label="User" MaxLength="12" Nullable="false" Type="Edm.String" sap:display-format="UpperCase" sap:quickinfo="User Name in User Master Record"/>

<Property Name="ShipPoint" sap:label="Parameter value" MaxLength="40" Type="Edm.String"/>

<Property Name="ShipPointDesc" sap:label="Description" MaxLength="30" Type="Edm.String"/>

</EntityType>


<EntityContainer Name="ZS2D_E2596_LPI_PICK_SHIP_SRV_Entities" sap:supported-formats="atom json xlsx" sap:message-scope-supported="true" m:IsDefaultEntityContainer="true">

<EntitySet sap:content-version="1" Name="UserDefaultSet" sap:updatable="false" sap:creatable="false" sap:addressable="false" sap:pageable="false" sap:deletable="false" EntityType="ZS2D_E2596_LPI_PICK_SHIP_SRV.UserDefault"/>

<EntitySet sap:content-version="1" Name="ZS2D_C_LPI_MISC_VH" sap:updatable="false" sap:creatable="false" sap:deletable="false" EntityType="ZS2D_E2596_LPI_PICK_SHIP_SRV.ZS2D_C_LPI_MISC_VHType" sap:searchable="true"/>

<EntitySet sap:content-version="1" Name="ZS2D_C_SHIP_POINT_VH" sap:updatable="false" sap:creatable="false" sap:deletable="false" EntityType="ZS2D_E2596_LPI_PICK_SHIP_SRV.ZS2D_C_SHIP_POINT_VHType" sap:searchable="true"/>

</EntityContainer>


<Annotations xmlns="http://docs.oasis-open.org/odata/ns/edm" Target="ZS2D_E2596_LPI_PICK_SHIP_SRV.ZS2D_E2596_LPI_PICK_SHIP_SRV_Entities">


<Annotation Term="Aggregation.ApplySupported">


<Record>


<PropertyValue Property="Transformations">


<Collection>

<String>aggregate</String>

<String>groupby</String>

<String>filter</String>

</Collection>

</PropertyValue>

<PropertyValue Property="Rollup" EnumMember="None"/>

</Record>

</Annotation>

</Annotations>

<atom:link xmlns:atom="http://www.w3.org/2005/Atom" href="http://cldazfapp05.global.corp:8021/sap/opu/odata/sap/ZS2D_E2596_LPI_PICK_SHIP_SRV/$metadata" rel="self"/>

<atom:link xmlns:atom="http://www.w3.org/2005/Atom" href="http://cldazfapp05.global.corp:8021/sap/opu/odata/sap/ZS2D_E2596_LPI_PICK_SHIP_SRV/$metadata" rel="latest-version"/>

</Schema>

</edmx:DataServices>

</edmx:Edmx>