<?xml version="1.0" encoding="utf-8"?><edmx:Edmx Version="1.0" xmlns:edmx="http://schemas.microsoft.com/ado/2007/06/edmx" xmlns:m="http://schemas.microsoft.com/ado/2007/08/dataservices/metadata" xmlns:sap="http://www.sap.com/Protocols/SAPData"><edmx:Reference Uri="http://cldazfapp05.global.corp:8021/sap/opu/odata/IWFND/CATALOGSERVICE;v=2/Vocabularies(TechnicalName='%2FIWBEP%2FVOC_COMMON',Version='0001',SAP__Origin='S4HCLNT300')/$value" xmlns:edmx="http://docs.oasis-open.org/odata/ns/edmx"><edmx:Include Namespace="com.sap.vocabularies.Common.v1" Alias="Common"/></edmx:Reference><edmx:Reference Uri="http://cldazfapp05.global.corp:8021/sap/opu/odata/IWFND/CATALOGSERVICE;v=2/Vocabularies(TechnicalName='%2FIWBEP%2FVOC_CAPABILITIES',Version='0001',SAP__Origin='S4HCLNT300')/$value" xmlns:edmx="http://docs.oasis-open.org/odata/ns/edmx"><edmx:Include Namespace="Org.OData.Capabilities.V1" Alias="Capabilities"/></edmx:Reference><edmx:Reference Uri="http://cldazfapp05.global.corp:8021/sap/opu/odata/IWFND/CATALOGSERVICE;v=2/Vocabularies(TechnicalName='%2FIWBEP%2FVOC_COMMUNICATION',Version='0001',SAP__Origin='S4HCLNT300')/$value" xmlns:edmx="http://docs.oasis-open.org/odata/ns/edmx"><edmx:Include Namespace="com.sap.vocabularies.Communication.v1" Alias="Communication"/></edmx:Reference><edmx:Reference Uri="http://cldazfapp05.global.corp:8021/sap/opu/odata/IWFND/CATALOGSERVICE;v=2/Vocabularies(TechnicalName='%2FIWBEP%2FVOC_AGGREGATION',Version='0001',SAP__Origin='S4HCLNT300')/$value" xmlns:edmx="http://docs.oasis-open.org/odata/ns/edmx"><edmx:Include Namespace="Org.OData.Aggregation.V1" Alias="Aggregation"/></edmx:Reference><edmx:Reference Uri="http://cldazfapp05.global.corp:8021/sap/opu/odata/IWFND/CATALOGSERVICE;v=2/Vocabularies(TechnicalName='%2FIWBEP%2FVOC_PERSONALDATA',Version='0001',SAP__Origin='S4HCLNT300')/$value" xmlns:edmx="http://docs.oasis-open.org/odata/ns/edmx"><edmx:Include Namespace="com.sap.vocabularies.PersonalData.v1" Alias="PersonalData"/></edmx:Reference><edmx:DataServices m:DataServiceVersion="2.0"><Schema Namespace="ZS2D_E2596_LPI_PICK_SHIP_SRV" xml:lang="en" sap:schema-version="1" xmlns="http://schemas.microsoft.com/ado/2008/09/edm"><EntityType Name="UserDefault" sap:content-version="1"><Key><PropertyRef Name="UserId"/></Key><Property Name="UserId" Type="Edm.String" Nullable="false" MaxLength="12" sap:unicode="false" sap:label="Branching name" sap:creatable="false" sap:updatable="false" sap:sortable="false" sap:filterable="false"/><Property Name="ShipPoint" Type="Edm.String" Nullable="false" MaxLength="40" sap:unicode="false" sap:label="Parameter value" sap:creatable="false" sap:updatable="false" sap:sortable="false" sap:filterable="false"/><Property Name="DeliveryDate" Type="Edm.String" Nullable="false" MaxLength="10" sap:unicode="false" sap:label="Delivery date" sap:creatable="false" sap:updatable="false" sap:sortable="false" sap:filterable="false"/><Property Name="DefaultPrinter" Type="Edm.String" Nullable="false" sap:unicode="false" sap:creatable="false" sap:updatable="false" sap:sortable="false" sap:filterable="false"/></EntityType><EntityType Name="ZS2D_C_LPI_MISC_VHType" sap:label="Misc. Orders LPI" sap:content-version="1"><Key><PropertyRef Name="DocumentNumber"/></Key><Property Name="DocumentNumber" Type="Edm.String" Nullable="false" MaxLength="10" sap:display-format="UpperCase" sap:label="Delivery"/><Property Name="ShipToPartyNumber" Type="Edm.String" MaxLength="10" sap:display-format="UpperCase" sap:label="Ship-to party"/><Property Name="CustomerName" Type="Edm.String" MaxLength="35" sap:label="Name" sap:quickinfo="Name 1"/><Property Name="ShippingPoint" Type="Edm.String" MaxLength="4" sap:display-format="UpperCase" sap:label="Shipping Point" sap:quickinfo="Shipping Point / Receiving Point"/><Property Name="DeliveryDate" Type="Edm.DateTime" Precision="0" sap:display-format="Date" sap:label="Delivery Date"/><Property Name="OrderType" Type="Edm.String" MaxLength="3"/></EntityType><EntityType Name="ZS2D_C_PRINTERVHType" sap:label="LPI-Printer Value Help" sap:content-version="1"><Key><PropertyRef Name="Printer"/></Key><Property Name="Printer" Type="Edm.String" Nullable="false" MaxLength="30" sap:label="Output Device" sap:quickinfo="Spool: Long device names"/><Property Name="Model" Type="Edm.String" MaxLength="20" sap:label="Model" sap:quickinfo="Spool: Model of an output device"/><Property Name="Type" Type="Edm.String" MaxLength="8" sap:display-format="UpperCase" sap:label="Device type" sap:quickinfo="Spool: Device type name"/><Property Name="Location" Type="Edm.String" MaxLength="64" sap:label="Location" sap:quickinfo="Spool: Location and naming of an output device"/></EntityType><EntityType Name="ZS2D_C_SHIP_POINT_VHType" sap:label="LPI-Shipping Point VH" sap:content-version="1"><Key><PropertyRef Name="ShipPoint"/></Key><Property Name="ShipPoint" Type="Edm.String" Nullable="false" MaxLength="4" sap:display-format="UpperCase" sap:label="Shipping Point" sap:quickinfo="Shipping Point / Receiving Point"/><Property Name="ShipPointDesc" Type="Edm.String" MaxLength="30" sap:label="Description"/></EntityType><EntityContainer Name="ZS2D_E2596_LPI_PICK_SHIP_SRV_Entities" m:IsDefaultEntityContainer="true" sap:message-scope-supported="true" sap:supported-formats="atom json xlsx"><EntitySet Name="UserDefaultSet" EntityType="ZS2D_E2596_LPI_PICK_SHIP_SRV.UserDefault" sap:creatable="false" sap:updatable="false" sap:deletable="false" sap:pageable="false" sap:addressable="false" sap:content-version="1"/><EntitySet Name="ZS2D_C_LPI_MISC_VH" EntityType="ZS2D_E2596_LPI_PICK_SHIP_SRV.ZS2D_C_LPI_MISC_VHType" sap:creatable="false" sap:updatable="false" sap:deletable="false" sap:searchable="true" sap:content-version="1"/><EntitySet Name="ZS2D_C_PRINTERVH" EntityType="ZS2D_E2596_LPI_PICK_SHIP_SRV.ZS2D_C_PRINTERVHType" sap:creatable="false" sap:updatable="false" sap:deletable="false" sap:content-version="1"/><EntitySet Name="ZS2D_C_SHIP_POINT_VH" EntityType="ZS2D_E2596_LPI_PICK_SHIP_SRV.ZS2D_C_SHIP_POINT_VHType" sap:creatable="false" sap:updatable="false" sap:deletable="false" sap:searchable="true" sap:content-version="1"/></EntityContainer><Annotations Target="ZS2D_E2596_LPI_PICK_SHIP_SRV.ZS2D_E2596_LPI_PICK_SHIP_SRV_Entities" xmlns="http://docs.oasis-open.org/odata/ns/edm"><Annotation Term="Aggregation.ApplySupported"><Record><PropertyValue Property="Transformations"><Collection><String>aggregate</String><String>groupby</String><String>filter</String></Collection></PropertyValue><PropertyValue Property="Rollup" EnumMember="None"/></Record></Annotation></Annotations><atom:link rel="self" href="http://cldazfapp05.global.corp:8021/sap/opu/odata/sap/ZS2D_E2596_LPI_PICK_SHIP_SRV/$metadata" xmlns:atom="http://www.w3.org/2005/Atom"/><atom:link rel="latest-version" href="http://cldazfapp05.global.corp:8021/sap/opu/odata/sap/ZS2D_E2596_LPI_PICK_SHIP_SRV/$metadata" xmlns:atom="http://www.w3.org/2005/Atom"/></Schema></edmx:DataServices></edmx:Edmx>